name,type
test_ttl_7_1,test_ttl_7
test_ttl_10_1,test_ttl_10
test_ttl_14_1,test_ttl_14
test_ttl_30_1,test_ttl_30
test_ttl_7_2,test_ttl_7
test_ttl_10_2,test_ttl_10
test_ttl_14_2,test_ttl_14
test_ttl_30_2,test_ttl_30
test_ttl_7_3,test_ttl_7
test_ttl_10_3,test_ttl_10
test_ttl_14_3,test_ttl_14
test_ttl_30_3,test_ttl_30
test_ttl_7_4,test_ttl_7
test_ttl_10_4,test_ttl_10
test_ttl_14_4,test_ttl_14
test_ttl_30_4,test_ttl_30
test_ttl_7_5,test_ttl_7
test_ttl_10_5,test_ttl_10
test_ttl_14_5,test_ttl_14
test_ttl_30_5,test_ttl_30
test_ttl_7_6,test_ttl_7
test_ttl_10_6,test_ttl_10
test_ttl_14_6,test_ttl_14
test_ttl_30_6,test_ttl_30
test_ttl_7_7,test_ttl_7
test_ttl_10_7,test_ttl_10
test_ttl_14_7,test_ttl_14
test_ttl_30_7,test_ttl_30
test_ttl_7_8,test_ttl_7
test_ttl_10_8,test_ttl_10
test_ttl_14_8,test_ttl_14
test_ttl_30_8,test_ttl_30
test_ttl_7_9,test_ttl_7
test_ttl_10_9,test_ttl_10
test_ttl_14_9,test_ttl_14
test_ttl_30_9,test_ttl_30
test_ttl_7_10,test_ttl_7
test_ttl_10_10,test_ttl_10
test_ttl_14_10,test_ttl_14
test_ttl_30_10,test_ttl_30
test_ttl_7_11,test_ttl_7
test_ttl_10_11,test_ttl_10
test_ttl_14_11,test_ttl_14
test_ttl_30_11,test_ttl_30
test_ttl_7_12,test_ttl_7
test_ttl_10_12,test_ttl_10
test_ttl_14_12,test_ttl_14
test_ttl_30_12,test_ttl_30
test_ttl_7_13,test_ttl_7
test_ttl_10_13,test_ttl_10
test_ttl_14_13,test_ttl_14
test_ttl_30_13,test_ttl_30
test_ttl_7_14,test_ttl_7
test_ttl_10_14,test_ttl_10
test_ttl_14_14,test_ttl_14
test_ttl_30_14,test_ttl_30
test_ttl_7_15,test_ttl_7
test_ttl_10_15,test_ttl_10
test_ttl_14_15,test_ttl_14
test_ttl_30_15,test_ttl_30
test_ttl_7_16,test_ttl_7
test_ttl_10_16,test_ttl_10
test_ttl_14_16,test_ttl_14
test_ttl_30_16,test_ttl_30
test_ttl_7_17,test_ttl_7
test_ttl_10_17,test_ttl_10
test_ttl_14_17,test_ttl_14
test_ttl_30_17,test_ttl_30
test_ttl_7_18,test_ttl_7
test_ttl_10_18,test_ttl_10
test_ttl_14_18,test_ttl_14
test_ttl_30_18,test_ttl_30
test_ttl_7_19,test_ttl_7
test_ttl_10_19,test_ttl_10
test_ttl_14_19,test_ttl_14
test_ttl_30_19,test_ttl_30
test_ttl_7_20,test_ttl_7
test_ttl_10_20,test_ttl_10
test_ttl_14_20,test_ttl_14
test_ttl_30_20,test_ttl_30
test_ttl_7_21,test_ttl_7
test_ttl_10_21,test_ttl_10
test_ttl_14_21,test_ttl_14
test_ttl_30_21,test_ttl_30
test_ttl_7_22,test_ttl_7
test_ttl_10_22,test_ttl_10
test_ttl_14_22,test_ttl_14
test_ttl_30_22,test_ttl_30
test_ttl_7_23,test_ttl_7
test_ttl_10_23,test_ttl_10
test_ttl_14_23,test_ttl_14
test_ttl_30_23,test_ttl_30
test_ttl_7_24,test_ttl_7
test_ttl_10_24,test_ttl_10
test_ttl_14_24,test_ttl_14
test_ttl_30_24,test_ttl_30
test_ttl_7_25,test_ttl_7
test_ttl_10_25,test_ttl_10
test_ttl_14_25,test_ttl_14
test_ttl_30_25,test_ttl_30
test_ttl_7_26,test_ttl_7
test_ttl_10_26,test_ttl_10
test_ttl_14_26,test_ttl_14
test_ttl_30_26,test_ttl_30
test_ttl_7_27,test_ttl_7
test_ttl_10_27,test_ttl_10
test_ttl_14_27,test_ttl_14
test_ttl_30_27,test_ttl_30
test_ttl_7_28,test_ttl_7
test_ttl_10_28,test_ttl_10
test_ttl_14_28,test_ttl_14
test_ttl_30_28,test_ttl_30
test_ttl_7_29,test_ttl_7
test_ttl_10_29,test_ttl_10
test_ttl_14_29,test_ttl_14
test_ttl_30_29,test_ttl_30
test_ttl_7_30,test_ttl_7
test_ttl_10_30,test_ttl_10
test_ttl_14_30,test_ttl_14
test_ttl_30_30,test_ttl_30
test_ttl_7_31,test_ttl_7
test_ttl_10_31,test_ttl_10
test_ttl_14_31,test_ttl_14
test_ttl_30_31,test_ttl_30
test_ttl_7_32,test_ttl_7
test_ttl_10_32,test_ttl_10
test_ttl_14_32,test_ttl_14
test_ttl_30_32,test_ttl_30
test_ttl_7_33,test_ttl_7
test_ttl_10_33,test_ttl_10
test_ttl_14_33,test_ttl_14
test_ttl_30_33,test_ttl_30
test_ttl_7_34,test_ttl_7
test_ttl_10_34,test_ttl_10
test_ttl_14_34,test_ttl_14
test_ttl_30_34,test_ttl_30
test_ttl_7_35,test_ttl_7
test_ttl_10_35,test_ttl_10
test_ttl_14_35,test_ttl_14
test_ttl_30_35,test_ttl_30
test_ttl_7_36,test_ttl_7
test_ttl_10_36,test_ttl_10
test_ttl_14_36,test_ttl_14
test_ttl_30_36,test_ttl_30
test_ttl_7_37,test_ttl_7
test_ttl_10_37,test_ttl_10
test_ttl_14_37,test_ttl_14
test_ttl_30_37,test_ttl_30
test_ttl_7_38,test_ttl_7
test_ttl_10_38,test_ttl_10
test_ttl_14_38,test_ttl_14
test_ttl_30_38,test_ttl_30
test_ttl_7_39,test_ttl_7
test_ttl_10_39,test_ttl_10
test_ttl_14_39,test_ttl_14
test_ttl_30_39,test_ttl_30
test_ttl_7_40,test_ttl_7
test_ttl_10_40,test_ttl_10
test_ttl_14_40,test_ttl_14
test_ttl_30_40,test_ttl_30
test_ttl_7_41,test_ttl_7
test_ttl_10_41,test_ttl_10
test_ttl_14_41,test_ttl_14
test_ttl_30_41,test_ttl_30
test_ttl_7_42,test_ttl_7
test_ttl_10_42,test_ttl_10
test_ttl_14_42,test_ttl_14
test_ttl_30_42,test_ttl_30
test_ttl_7_43,test_ttl_7
test_ttl_10_43,test_ttl_10
test_ttl_14_43,test_ttl_14
test_ttl_30_43,test_ttl_30
test_ttl_7_44,test_ttl_7
test_ttl_10_44,test_ttl_10
test_ttl_14_44,test_ttl_14
test_ttl_30_44,test_ttl_30
test_ttl_7_45,test_ttl_7
test_ttl_10_45,test_ttl_10
test_ttl_14_45,test_ttl_14
test_ttl_30_45,test_ttl_30
test_ttl_7_46,test_ttl_7
test_ttl_10_46,test_ttl_10
test_ttl_14_46,test_ttl_14
test_ttl_30_46,test_ttl_30
test_ttl_7_47,test_ttl_7
test_ttl_10_47,test_ttl_10
test_ttl_14_47,test_ttl_14
test_ttl_30_47,test_ttl_30
test_ttl_7_48,test_ttl_7
test_ttl_10_48,test_ttl_10
test_ttl_14_48,test_ttl_14
test_ttl_30_48,test_ttl_30
test_ttl_7_49,test_ttl_7
test_ttl_10_49,test_ttl_10
test_ttl_14_49,test_ttl_14
test_ttl_30_49,test_ttl_30
test_ttl_7_50,test_ttl_7
test_ttl_10_50,test_ttl_10
test_ttl_14_50,test_ttl_14
test_ttl_30_50,test_ttl_30
